criticalFound,pastSerious,pastCritical,timeSinceLast,ageAtInspection,consumption_on_premises_incidental_activity,tobacco_retail_over_counter,temperatureMax,heat_burglary,heat_sanitation,heat_garbage,inspector_color
1.0,0.0,0.0,2.0,1,0.0,0.0,83.41,70.0,66.96510935733596,11.713175880554301,Inspector_orange
0.0,1.0,0.0,0.852054794520548,1,0.0,0.0,49.18000000000001,32.4879145546231,33.50767917360043,22.266146016996075,Inspector_yellow
1.0,0.0,0.0,0.5232876712328767,0,1.0,0.0,68.63,1.761564424598113e-194,8.725080570366991e-225,3.851729962420018e-212,Inspector_orange
1.0,0.0,0.0,2.0,0,0.0,0.0,80.50333333333333,13.842203988700176,15.000968560935654,23.8400764350769,Inspector_orange
0.0,1.0,0.0,0.5178082191780822,1,0.0,0.0,37.73666666666667,24.96918621929801,14.052274350527187,34.49652189393957,Inspector_yellow
0.0,0.0,0.0,2.0,0,0.0,0.0,40.973333333333336,5.077102529101549e-196,9.969337811188373e-215,9.050775651079599e-212,Inspector_orange
0.0,0.0,0.0,2.0,1,1.0,0.0,43.80333333333334,16.338923621781838,4.8105886951318935,0.13710565857511586,Inspector_green
0.0,0.0,0.0,2.0,1,1.0,0.0,42.08666666666667,8.934528055627958,8.024804473494951,0.022242567522141928,Inspector_green
0.0,0.0,0.0,2.0,0,0.0,0.0,72.00666666666666,18.453543137495505,21.433409120689927,13.560041706415292,Inspector_yellow
1.0,0.0,0.0,2.0,0,1.0,0.0,61.69666666666666,50.18507915594232,56.662882790134354,15.48132574700451,Inspector_blue
0.0,0.0,0.0,2.0,1,1.0,0.0,38.25333333333333,2.09903031203902,3.970856442827023,2.8261625331820786,Inspector_yellow
0.0,1.0,0.0,0.6767123287671233,1,0.0,0.0,29.82666666666667,11.082665492081516,25.56392992654891,0.017627551806510825,Inspector_yellow
0.0,0.0,0.0,2.0,1,0.0,1.0,47.55,2.8775743934118165,19.497891369077294,0.5313922742803778,Inspector_green
0.0,0.0,0.0,2.0,1,0.0,0.0,39.766666666666666,30.74240709239389,11.575125423980055,27.123551949877328,Inspector_green
0.0,1.0,1.0,0.7095890410958904,1,0.0,0.0,44.43666666666667,18.829675126647594,19.358206365393244,32.099191253197276,Inspector_green
0.0,0.0,0.0,2.0,0,0.0,0.0,41.21333333333335,16.38293958119466,8.475292412086452,21.977364304933587,Inspector_brown
0.0,0.0,0.0,2.0,1,0.0,1.0,43.22666666666667,10.976272310949497,29.816762158114358,11.994320092411694,Inspector_blue
0.0,0.0,1.0,0.7753424657534247,0,0.0,0.0,73.75666666666666,4.353658700889701,2.8193798381949486,0.01227574994983222,Inspector_green
0.0,1.0,0.0,0.5205479452054794,0,0.0,0.0,44.70666666666667,11.042975220719542,11.588777284462465,1.0672492909562803,Inspector_blue
0.0,0.0,0.0,1.0164383561643835,1,0.0,0.0,58.41,8.885996519561546,17.06161001485063,1.2470221666699504,Inspector_yellow
0.0,0.0,0.0,2.0,1,0.0,0.0,77.59333333333333,15.740113864481936,4.305325743492024,13.656238339051876,Inspector_brown
0.0,0.0,0.0,0.4986301369863014,1,0.0,0.0,20.466666666666672,12.416772856083625,7.587379789282007,1.376703471397794,Inspector_green
0.0,0.0,0.0,2.0,0,0.0,0.0,33.59333333333333,25.210010461522568,38.781052486088974,16.49604665556501,Inspector_orange
0.0,0.0,0.0,2.0,1,0.0,1.0,73.24333333333333,30.50906707389781,60.784329444358384,23.47925191209453,Inspector_blue
0.0,0.0,0.0,1.2547945205479452,1,0.0,0.0,81.83333333333333,7.240547705778947,28.11037163620664,21.02175028484105,Inspector_brown
0.0,0.0,0.0,2.0,0,0.0,0.0,41.446666666666665,30.58741986788549,36.46164624010709,15.733104994828727,Inspector_green
0.0,0.0,0.0,1.1123287671232878,1,0.0,0.0,62.86666666666667,37.265020228163465,34.48453197695273,0.26847819495717085,Inspector_yellow
0.0,0.0,0.0,2.0,0,1.0,0.0,81.53333333333335,0.16531896328422305,0.3778040736708929,0.3474866210604315,Inspector_blue
0.0,0.0,0.0,2.0,1,0.0,0.0,57.31333333333333,40.21850589124347,28.526326342301,7.490779599367262,Inspector_green
1.0,0.0,0.0,2.0,1,0.0,0.0,43.66333333333333,10.330635366293796,12.287238301769245,11.40998935392842,Inspector_blue
0.0,0.0,0.0,2.0,1,0.0,0.0,38.333333333333336,14.2759319815407,6.117488844531272,6.789095774840728,Inspector_green
0.0,0.0,0.0,2.0,0,0.0,0.0,68.18,6.360284927921188,15.090610357221186,16.47165234729005,Inspector_brown
0.0,0.0,0.0,2.0,1,1.0,0.0,34.153333333333336,3.2570896558172806,0.7005128716592438,27.33621379056793,Inspector_green
0.0,0.0,0.0,2.0,0,0.0,0.0,83.41,10.565156339101678,25.86196008089044,11.260833304703436,Inspector_yellow
0.0,0.0,0.0,2.0,0,0.0,0.0,73.16666666666667,28.75006018047388,38.52694038363839,23.96409875162973,Inspector_blue
0.0,0.0,0.0,2.0,1,1.0,0.0,82.71,3.2016526059153447,3.552078521042083,4.697602291882979,Inspector_yellow
0.0,0.0,0.0,2.0,1,0.0,0.0,82.58999999999997,10.461167645235346,10.55486937312236,3.5585657984118484,Inspector_purple
0.0,0.0,0.0,2.0,0,0.0,1.0,61.84333333333333,25.484066362975412,19.83193002970383,20.04582806332166,Inspector_green
0.0,0.0,0.0,2.0,1,0.0,0.0,45.41,5.856932289380517,10.234990882269333,7.4500413685425615,Inspector_green
0.0,0.0,0.0,2.0,1,0.0,0.0,59.25333333333333,21.6960132437208,43.173884699087296,15.795443484919375,Inspector_purple
0.0,0.0,0.0,0.9041095890410958,1,0.0,0.0,35.99333333333333,29.11133841857758,23.259322707133197,22.95651582616611,Inspector_green
1.0,0.0,0.0,1.2465753424657535,0,0.0,0.0,63.89333333333334,48.260130437619154,37.61104686993932,14.74955306260246,Inspector_orange
0.0,0.0,0.0,2.0,0,0.0,0.0,89.13666666666666,40.621775018675926,17.985938622595068,18.574340991537454,Inspector_blue
0.0,0.0,0.0,0.3753424657534247,1,0.0,0.0,76.94666666666666,21.310253782708486,30.970748447431045,32.47432740433461,Inspector_brown
0.0,0.0,0.0,0.3835616438356164,1,0.0,0.0,76.39333333333333,14.178711843485436,8.770531070780779,5.784537176379273,Inspector_brown
1.0,0.0,0.0,2.0,1,0.0,0.0,73.52,70.0,54.897266396304865,19.652936833829767,Inspector_blue
0.0,0.0,1.0,0.7452054794520548,1,0.0,0.0,25.08666666666667,18.683721264791764,15.79100655152565,31.59837043239408,Inspector_green
0.0,0.0,0.0,0.9945205479452056,0,0.0,0.0,75.88666666666666,10.147348888253015,9.394890528131947,0.00017998453750636678,Inspector_yellow
0.0,0.0,0.0,2.0,1,0.0,0.0,54.68666666666667,0.8922338553078071,3.8446879807577568,3.260979746338576,Inspector_brown
0.0,1.0,0.0,1.0383561643835617,0,0.0,0.0,63.29333333333333,27.858841721164776,17.87526122121735,5.30356016356385,Inspector_orange
1.0,0.0,1.0,1.7424657534246577,0,0.0,0.0,87.35000000000002,17.451430512816973,20.03670653961181,8.70264271857158,Inspector_blue
0.0,0.0,0.0,0.5123287671232877,1,0.0,0.0,29.71,55.57798780676539,40.13660940891957,23.72704418241529,Inspector_orange
0.0,0.0,0.0,2.0,1,0.0,1.0,55.79,13.639834079940579,9.689948026840268,31.430301381155715,Inspector_green
0.0,0.0,0.0,0.19452054794520549,1,0.0,0.0,11.103333333333332,2.3130727764825783,0.08314690005219888,12.775822161676713,Inspector_yellow
0.0,0.0,0.0,2.0,1,0.0,0.0,63.08000000000001,13.394170191382274,5.548568940052426,13.879332003869035,Inspector_blue
0.0,0.0,0.0,2.0,1,0.0,0.0,86.12666666666668,65.66805585885713,40.80618551479968,7.651751761949749,Inspector_yellow
1.0,0.0,0.0,2.0,1,0.0,0.0,72.33999999999997,70.0,23.66972085937644,11.121386848977584,Inspector_purple
0.0,0.0,0.0,0.8,0,0.0,0.0,28.87,7.938258881674333,12.780627247456115,0.13965672925927186,Inspector_yellow
0.0,0.0,0.0,0.9753424657534246,0,0.0,0.0,30.91666666666667,1.83664311696169,0.01961626596548226,17.32472194332743,Inspector_green
0.0,0.0,0.0,2.0,1,0.0,0.0,82.00666666666667,9.53086018187684,2.343626593145878,11.232462198634886,Inspector_orange
0.0,1.0,0.0,0.8904109589041096,0,0.0,0.0,87.35000000000002,70.0,45.5408057405433,23.542044590336317,Inspector_green
0.0,0.0,0.0,0.6109589041095891,0,0.0,0.0,43.90333333333333,51.43026426318064,61.29733188865365,11.194266236924072,Inspector_orange
0.0,0.0,0.0,2.0,0,0.0,1.0,86.12666666666668,38.139881999815714,37.579970815272475,28.71070237668183,Inspector_brown
0.0,0.0,0.0,2.0,0,1.0,0.0,48.23666666666666,22.89891805623941,17.524334164910456,30.846975547786627,Inspector_yellow
0.0,0.0,0.0,1.852054794520548,1,0.0,0.0,20.466666666666672,2.331937820386114,5.696392860403982,3.324407017707485,Inspector_yellow
0.0,0.0,0.0,1.0191780821917809,1,0.0,0.0,73.67666666666666,9.199240847901434,19.832203522380247,0.0005426969757570576,Inspector_orange
0.0,0.0,0.0,2.0,1,0.0,0.0,86.64,29.87088680298293,33.65620558800851,30.15254366245186,Inspector_orange
0.0,0.0,0.0,2.0,0,0.0,0.0,79.21999999999998,15.553303752270768,7.622597965402014,0.9627154936557348,Inspector_green
0.0,0.0,0.0,2.0,1,1.0,0.0,53.27,13.388154225439465,21.71414751280585,6.716129157466153,Inspector_green
0.0,0.0,0.0,2.0,1,0.0,1.0,75.88666666666666,15.121261500675047,33.90104367461893,50.0,Inspector_brown
0.0,0.0,0.0,2.0,0,0.0,0.0,51.77333333333333,13.322864474228187,7.594212820815112,2.7022604639740933,Inspector_yellow
0.0,0.0,1.0,0.8547945205479452,1,0.0,0.0,45.87333333333334,5.723817991503817,13.648738409227985,10.944795367899154,Inspector_blue
0.0,0.0,0.0,2.0,1,0.0,0.0,40.873333333333335,4.139466116709117,19.460262047318295,5.577275332917391,Inspector_yellow
0.0,0.0,0.0,2.0,1,0.0,0.0,50.6,6.110900660725482,9.465861321239307,0.08740314872974117,Inspector_green
0.0,0.0,0.0,2.0,1,0.0,0.0,43.22666666666667,23.935717373303795,32.024223745161535,41.47851880453648,Inspector_brown
1.0,0.0,0.0,2.0,1,0.0,1.0,74.75000000000001,70.0,28.493016381247912,23.64727096754054,Inspector_orange
0.0,0.0,0.0,2.0,0,0.0,0.0,54.05666666666666,12.049194581807082,21.597918597358518,11.276111188432068,Inspector_brown
0.0,0.0,0.0,2.0,0,0.0,0.0,41.446666666666665,3.0503340433850132,5.745018841809437,20.166409412057774,Inspector_brown
0.0,0.0,0.0,2.0,0,1.0,0.0,73.10333333333334,22.04659141118701,28.812405831748748,24.70619279308823,Inspector_yellow
0.0,0.0,1.0,0.9589041095890408,1,0.0,0.0,80.06666666666666,12.26227631915261,4.374806315804825,0.0312030237277757,Inspector_orange
0.0,0.0,0.0,2.0,0,0.0,0.0,20.123333333333328,55.20442275868977,29.09629450519493,28.082705454017052,Inspector_orange
0.0,0.0,0.0,2.0,1,0.0,0.0,64.18333333333334,5.928612216755214,57.91517342846712,15.009001214471658,Inspector_brown
0.0,0.0,0.0,2.0,1,0.0,0.0,37.54666666666667,4.328078366321118,8.253327906548048,8.74728835964935,Inspector_green
0.0,0.0,0.0,2.0,1,0.0,0.0,74.46333333333331,36.53713545562276,35.00307423689807,10.786216822993447,Inspector_blue
1.0,0.0,1.0,0.019178082191780826,1,0.0,1.0,42.76666666666667,9.876251080872605,43.42118056596093,1.3027494661178909,Inspector_yellow
0.0,0.0,0.0,2.0,1,0.0,0.0,70.10000000000001,33.10196283818516,13.301783108694492,21.5019130909073,Inspector_yellow
0.0,0.0,0.0,2.0,1,0.0,0.0,84.24666666666666,36.31236091069599,30.30703531235257,25.88158442438397,Inspector_orange
0.0,0.0,0.0,2.0,0,0.0,0.0,64.81333333333333,8.681810106972371,14.373503291719713,12.536937207916026,Inspector_blue
0.0,1.0,1.0,0.9616438356164384,1,0.0,0.0,70.60000000000002,6.118737668086292,3.676684677721734,10.285341476538713,Inspector_brown
0.0,0.0,0.0,1.0109589041095892,1,0.0,0.0,72.23666666666666,6.421743092261629,27.94773161956301,17.18624835286766,Inspector_green
0.0,0.0,0.0,2.0,1,0.0,0.0,32.86666666666667,10.102975548195987,27.494400074783755,4.777871966116416,Inspector_yellow
0.0,0.0,0.0,0.7671232876712328,1,0.0,0.0,73.78666666666669,32.049872427282565,65.53611417966579,23.19957550765239,Inspector_green
0.0,0.0,0.0,1.7452054794520548,1,0.0,0.0,44.53333333333334,11.007393047038114,7.816661510905223,2.562503018388577,Inspector_purple
0.0,0.0,0.0,2.0,1,0.0,0.0,60.88666666666666,1.250440841539452,3.6018483390962137,0.027666015181255447,Inspector_green
0.0,0.0,0.0,0.8575342465753425,0,0.0,0.0,28.31333333333333,10.690903446560622,23.43608654740736,0.0400043819521831,Inspector_yellow
1.0,0.0,0.0,2.0,0,0.0,0.0,28.566666666666666,34.544764875060125,24.17566974049416,0.8039865758153735,Inspector_yellow
0.0,0.0,0.0,2.0,1,0.0,1.0,54.68666666666667,35.81451031212988,12.79942107103493,15.221519308913994,Inspector_orange
0.0,0.0,0.0,1.3616438356164384,0,0.0,0.0,84.54,18.495678436363413,17.503031964139293,16.983442829187837,Inspector_blue
0.0,0.0,0.0,2.0,1,0.0,0.0,45.57333333333333,36.24227873038146,43.048216166178634,10.165750804995287,Inspector_green
0.0,0.0,0.0,2.0,1,0.0,0.0,62.49000000000001,0.2198277864753697,1.0144186855664232,0.02347362856588551,Inspector_green
0.0,0.0,0.0,1.0109589041095892,1,1.0,0.0,43.62,1.5804663344419208,19.6747828084439,20.815728698246282,Inspector_brown
0.0,0.0,0.0,2.0,0,0.0,0.0,74.16666666666667,34.21646437408298,11.311401373078235,0.019258918484641573,Inspector_green
0.0,0.0,0.0,2.0,1,0.0,0.0,38.333333333333336,1.7872141115678373,0.6131598914470242,16.30934096931319,Inspector_brown
0.0,0.0,0.0,2.0,1,0.0,0.0,73.49666666666667,62.27519603846746,70.0,32.990690518679884,Inspector_orange
1.0,1.0,0.0,1.063013698630137,0,0.0,0.0,46.2,22.889647357520985,20.002020673842804,14.285782971110294,Inspector_yellow
1.0,1.0,0.0,0.4219178082191781,0,0.0,0.0,53.60999999999999,1.9241487276418816,3.553593375920154,0.4360450929838442,Inspector_blue
0.0,0.0,0.0,0.7671232876712328,1,0.0,0.0,39.406666666666666,2.4620527864396613,0.033511269689838835,11.872556395000625,Inspector_orange
0.0,0.0,0.0,0.5808219178082191,1,0.0,0.0,74.46333333333331,3.302846098057863e-194,3.4586075222249737e-220,2.6949942525474873e-214,Inspector_orange
0.0,0.0,0.0,0.0027397260273972607,1,0.0,0.0,65.94666666666666,23.11599479529595,5.844052042978136,12.033032813815419,Inspector_brown
0.0,1.0,1.0,0.7835616438356164,1,1.0,1.0,23.90333333333333,0.9016766974139366,15.914353999792574,13.720734424828036,Inspector_green
0.0,0.0,0.0,0.3397260273972603,1,0.0,0.0,38.246666666666655,0.3749607981765779,6.813994760534607,0.5672808691591655,Inspector_orange
1.0,0.0,0.0,0.9945205479452056,1,0.0,0.0,52.81999999999999,5.415247959676273,3.792139147274589,7.09347677587991,Inspector_brown
0.0,1.0,0.0,1.1534246575342466,1,0.0,0.0,79.64333333333333,0.2170914954096113,0.5701505106397461,1.4477934941120951,Inspector_blue
0.0,0.0,0.0,0.8356164383561644,0,0.0,0.0,70.60000000000002,42.74482926356128,30.803095184169106,33.81553879121118,Inspector_green
0.0,0.0,0.0,2.0,0,0.0,0.0,43.65333333333333,9.605000999958808,43.65096518777879,2.776333719438442,Inspector_orange
0.0,0.0,0.0,2.0,1,0.0,0.0,60.08666666666667,14.178829726072852,24.435541149823624,28.783860800580488,Inspector_green
0.0,0.0,0.0,2.0,0,0.0,0.0,69.17666666666666,24.06823585279633,9.250219128830473,11.61484496047917,Inspector_green
0.0,0.0,0.0,0.5287671232876713,1,0.0,0.0,28.94,19.19349807891738,1.8520057456365133,30.06259331981717,Inspector_green
0.0,0.0,0.0,2.0,0,0.0,1.0,82.38333333333333,23.83435296517085,11.418360394723663,29.343909075493467,Inspector_orange
1.0,0.0,0.0,2.0,0,0.0,1.0,82.51,15.67520958878392,5.664948468630644,8.864367173283203,Inspector_orange
0.0,0.0,0.0,0.9397260273972604,1,0.0,0.0,6.013333333333335,20.980725137546184,11.137315379533606,38.231370536169294,Inspector_green
0.0,0.0,0.0,1.5917808219178082,1,0.0,1.0,44.70666666666667,27.55192842950868,15.652985417552307,22.32475241543268,Inspector_brown
0.0,0.0,0.0,0.7506849315068493,1,0.0,0.0,43.68333333333334,37.00078852927144,10.225907826323247,37.99897278675334,Inspector_yellow
0.0,1.0,1.0,0.8054794520547945,1,1.0,0.0,76.94666666666666,25.71429653212054,26.21488146727957,34.544666358931785,Inspector_yellow
1.0,0.0,0.0,0.9452054794520548,1,0.0,0.0,86.88999999999999,14.620709275476313,6.5537851054749625,20.339683130236327,Inspector_orange
0.0,0.0,0.0,0.9561643835616438,1,0.0,0.0,79.21999999999998,52.852596094025145,18.379153497115688,11.790965726618015,Inspector_green
0.0,0.0,0.0,2.0,1,0.0,1.0,63.36666666666667,12.442594605608852,24.985750444896087,11.63486592109141,Inspector_orange
0.0,0.0,0.0,2.0,1,0.0,0.0,41.67000000000001,6.1617526426337195,14.751954302232047,21.510827004936672,Inspector_green
1.0,0.0,0.0,1.8931506849315067,1,0.0,0.0,68.58,8.002635348303599,12.43820101986552,1.5057019704178485,Inspector_purple
0.0,0.0,0.0,2.0,1,0.0,0.0,64.86333333333334,19.20905093700226,40.99124773273547,8.057368272695525,Inspector_orange
0.0,0.0,0.0,2.0,1,0.0,0.0,64.22666666666667,13.27472999647351,27.77692518457323,9.717259703149763,Inspector_green
0.0,0.0,0.0,2.0,1,0.0,0.0,43.83333333333334,4.723117095355503,4.594841927877028,13.187053496428993,Inspector_yellow
0.0,0.0,0.0,2.0,0,0.0,0.0,74.46333333333331,36.163625186541424,12.836546054209172,3.501069022668034,Inspector_blue
0.0,0.0,0.0,2.0,1,0.0,0.0,70.07333333333334,35.84114525871483,26.142369558975712,24.17836952933093,Inspector_orange
0.0,0.0,0.0,0.7452054794520548,1,0.0,0.0,63.89333333333334,5.182172795727231,1.1513762395381215,6.0681032792352845,Inspector_green
1.0,0.0,0.0,2.0,1,0.0,1.0,40.45333333333333,25.4557660936417,3.65485697089324,22.64477717153475,Inspector_blue
0.0,0.0,0.0,2.0,1,0.0,1.0,64.81333333333333,15.974394172650234,23.78597183487193,9.93959863675793,Inspector_purple
0.0,1.0,1.0,0.8054794520547945,0,1.0,0.0,20.466666666666672,21.59774118821966,70.0,9.511728231107618,Inspector_blue
0.0,0.0,0.0,2.0,1,0.0,1.0,40.59333333333333,33.766615527908804,16.313555189560606,19.4846555432344,Inspector_brown
0.0,1.0,1.0,0.4684931506849315,0,0.0,0.0,52.81999999999999,28.928208839656683,6.731951622611753,16.366545330611974,Inspector_yellow
0.0,0.0,0.0,2.0,1,0.0,0.0,76.39333333333333,9.192501924719878,11.40715212652812,17.251479582420206,Inspector_orange
0.0,0.0,0.0,0.8602739726027397,0,0.0,0.0,54.47666666666667,3.7697217802363823,7.418898396035716,28.8683847466108,Inspector_green
1.0,0.0,0.0,2.0,1,0.0,1.0,81.93666666666667,44.12555003451286,21.587232025882773,8.910088104244721,Inspector_blue
0.0,1.0,0.0,0.5041095890410959,1,0.0,0.0,17.05666666666667,15.293101817408465,6.3578809508740814,2.594403620777022,Inspector_yellow
1.0,1.0,0.0,0.5534246575342465,0,1.0,0.0,23.69333333333334,26.583044934695245,6.871367544862263,0.010605060860831952,Inspector_green
0.0,0.0,0.0,2.0,1,0.0,0.0,64.22666666666667,12.302375542911227,34.03271979411867,13.854736066338852,Inspector_blue
0.0,0.0,0.0,2.0,0,0.0,0.0,56.59,20.9512183169492,16.663782292285216,8.550383241631472,Inspector_blue
0.0,1.0,0.0,0.7890410958904109,1,1.0,0.0,37.73666666666667,68.98084533034593,70.0,21.58205958407055,Inspector_orange
1.0,0.0,0.0,0.252054794520548,1,0.0,0.0,85.33333333333333,15.12588265842984,11.910162527953672,20.126839712214046,Inspector_brown
0.0,0.0,0.0,2.0,0,0.0,0.0,51.82999999999999,19.815552252171575,21.979266163197387,30.549474974624392,Inspector_green
1.0,1.0,0.0,1.0383561643835617,1,0.0,0.0,46.2,13.783163863377448,20.91878022487056,29.381198558752487,Inspector_orange
0.0,1.0,0.0,0.4164383561643836,1,0.0,0.0,58.91,28.31844461589527,3.4268963671980464,9.353960606251519,Inspector_blue
0.0,0.0,0.0,2.0,0,0.0,0.0,58.32333333333333,8.509576333058321,4.208293231577776,3.2088652315015165,Inspector_yellow
0.0,0.0,0.0,2.0,1,0.0,0.0,50.26666666666667,17.056542968988182,11.100058463800654,1.2009807416460032,Inspector_yellow
1.0,1.0,1.0,0.7835616438356164,0,0.0,0.0,65.76666666666667,6.8719290469571925,14.335236044674694,0.0006370935569814445,Inspector_orange
0.0,0.0,0.0,2.0,1,0.0,0.0,64.27,32.81140655634574,48.53854559799038,45.45661274593813,Inspector_green
0.0,0.0,0.0,2.0,1,0.0,0.0,61.84333333333333,0.8770572789840642,4.418842402991098,0.0014269556304641615,Inspector_green
0.0,0.0,0.0,2.0,1,0.0,0.0,74.16666666666667,25.438958473554482,2.0533832502659792,35.88603124294704,Inspector_yellow
0.0,0.0,0.0,2.0,1,0.0,0.0,94.84333333333332,17.41029983553825,16.50580765730037,28.91347385648848,Inspector_blue
0.0,0.0,0.0,2.0,0,0.0,0.0,14.089999999999998,19.71004488104013,54.583444082474095,33.47876640048986,Inspector_yellow
0.0,0.0,0.0,2.0,1,0.0,0.0,38.25333333333333,29.50227721835766,14.586029218326669,11.599630279150071,Inspector_brown
0.0,0.0,0.0,2.0,1,0.0,0.0,84.67666666666666,13.692028787488097,30.60792067513808,18.534911562931093,Inspector_green
1.0,0.0,0.0,2.0,1,0.0,1.0,91.77666666666666,11.490144757901659,43.62861837149337,13.019919327861562,Inspector_orange
0.0,0.0,0.0,2.0,1,0.0,0.0,38.54333333333333,13.505295217012227,29.188449888935608,20.18793339873691,Inspector_orange
0.0,0.0,0.0,0.852054794520548,1,1.0,0.0,69.96666666666665,15.724989508491793,3.8377817733154043,0.0008807206118712869,Inspector_green
1.0,0.0,0.0,2.0,1,0.0,0.0,58.51,70.0,70.0,24.094742473263405,Inspector_orange
0.0,0.0,0.0,2.0,0,0.0,0.0,46.37333333333334,7.162023288008349,16.610160205716017,12.956595376504655,Inspector_blue
0.0,0.0,0.0,0.5561643835616439,1,0.0,0.0,63.69666666666666,15.866852244505642,50.553643044704046,28.49694501979176,Inspector_brown
0.0,0.0,0.0,2.0,0,0.0,0.0,41.35333333333333,22.49099777106986,17.174007497751994,19.94720080247509,Inspector_green
1.0,0.0,0.0,2.0,0,0.0,0.0,44.70666666666667,26.953660785967887,11.86127289134334,2.3515197478769188,Inspector_blue
0.0,0.0,0.0,1.7150684931506852,1,0.0,0.0,71.96333333333331,3.1537912715290474e-194,3.2008963381437727e-220,1.2307437124236504e-210,Inspector_orange
0.0,0.0,0.0,2.0,1,0.0,0.0,34.81666666666667,10.461425058938682,12.465265270981964,0.5129440462534289,Inspector_green
0.0,0.0,1.0,0.5150684931506849,1,1.0,0.0,70.14333333333333,6.685608649509758,37.56339094451697,5.283823673329259,Inspector_brown
0.0,0.0,0.0,2.0,0,0.0,0.0,50.6,9.04652601906507,19.927766193220496,0.018385650127723342,Inspector_green
0.0,0.0,0.0,2.0,1,0.0,0.0,88.64666666666666,25.397417977470365,8.43469204427873,1.5109403237013268,Inspector_green
1.0,0.0,1.0,1.2438356164383562,1,0.0,0.0,55.23,21.186778490576707,9.752703894104176,12.551402442531533,Inspector_purple
0.0,1.0,0.0,0.5972602739726027,1,1.0,0.0,60.87000000000001,17.150807726351548,9.00915232779356,9.93754809401232,Inspector_green
0.0,0.0,0.0,1.104109589041096,0,0.0,0.0,33.59333333333333,9.26136308301681,11.5426666589802,21.728878315466048,Inspector_yellow
0.0,0.0,0.0,1.367123287671233,1,0.0,0.0,75.88666666666666,20.968892342720547,31.03855461003083,23.820450244997826,Inspector_yellow
0.0,0.0,0.0,2.0,0,1.0,0.0,85.07333333333334,39.114633205566456,14.701975634342116,4.1226835765455965,Inspector_yellow
0.0,0.0,0.0,2.0,1,0.0,0.0,32.42333333333333,13.448895070987469,21.937908667807303,10.309588802967358,Inspector_blue
0.0,1.0,0.0,1.5753424657534247,1,1.0,0.0,78.08333333333333,46.50250571514887,7.477007780129732,21.17837070407089,Inspector_green
1.0,0.0,0.0,2.0,0,0.0,0.0,79.21999999999998,68.7640368568194,39.536173881187956,11.580549316664722,Inspector_purple
0.0,0.0,0.0,0.3123287671232877,1,0.0,0.0,35.72666666666667,9.685234874096912,4.046953677422654,8.070718493899683,Inspector_yellow
0.0,0.0,0.0,0.5260273972602739,1,0.0,1.0,26.88,18.586995360376925,1.6999464320881006,31.88224636933728,Inspector_green
1.0,0.0,0.0,2.0,0,0.0,1.0,79.70333333333333,7.250602129206553,55.571888474931285,14.072948931817491,Inspector_green
0.0,0.0,0.0,2.0,1,0.0,1.0,38.333333333333336,11.642227369378949,13.498153575010251,5.412174092497149,Inspector_orange
0.0,0.0,0.0,2.0,1,0.0,0.0,74.75000000000001,8.151327637359023,11.953699275867374,12.21445324869565,Inspector_orange
0.0,0.0,0.0,2.0,1,0.0,0.0,69.87333333333333,4.896880041781628,52.516540904046714,19.483408210026287,Inspector_brown
0.0,0.0,0.0,1.158904109589041,0,0.0,0.0,77.56333333333333,25.772636485675672,9.975648442302477,12.749675585599544,Inspector_green
0.0,0.0,0.0,2.0,1,0.0,0.0,64.81333333333333,36.56372667713306,36.311005017858896,24.74183383226829,Inspector_yellow
0.0,0.0,0.0,2.0,0,0.0,0.0,38.91333333333333,11.44713484260444,10.440144380827176,25.02069548130925,Inspector_yellow
0.0,1.0,0.0,1.4876712328767123,1,0.0,0.0,23.58333333333333,7.197096653468088,11.211002498560667,0.03211252617057244,Inspector_orange
0.0,1.0,0.0,1.0493150684931507,1,0.0,1.0,25.626666666666665,12.219601798817965,12.868880823632988,22.169528808615304,Inspector_yellow
0.0,0.0,0.0,1.1342465753424658,1,0.0,0.0,87.35000000000002,14.284775193693507,6.3276675636152735,0.1282261734487437,Inspector_yellow
0.0,0.0,0.0,2.0,1,0.0,0.0,65.40666666666668,22.175107395471468,12.075266343302564,8.139817165188196,Inspector_purple
1.0,0.0,0.0,2.0,1,1.0,0.0,63.77666666666667,24.200365903844627,10.36514523356895,19.475194567520234,Inspector_orange
0.0,0.0,0.0,2.0,0,0.0,0.0,44.01333333333333,21.342467648591143,20.50991304233168,28.821174600806078,Inspector_brown
0.0,0.0,0.0,2.0,1,1.0,0.0,40.59333333333333,37.247619818937714,22.03680528168233,4.1327319475464614,Inspector_green
0.0,0.0,0.0,2.0,0,0.0,1.0,63.08000000000001,21.4695768973614,10.917073330897024,29.88356669823041,Inspector_brown
0.0,0.0,0.0,1.021917808219178,1,0.0,0.0,64.16333333333334,30.116585128436434,36.041941736220274,26.61120224064418,Inspector_purple
0.0,0.0,0.0,2.0,1,0.0,0.0,85.99333333333334,20.311075816888145,16.90563342848789,6.666021174810875,Inspector_green
0.0,0.0,0.0,2.0,1,1.0,0.0,19.126666666666665,19.49055229099664,17.759022671298805,1.7781339724809129,Inspector_blue
0.0,0.0,0.0,2.0,0,0.0,0.0,23.90333333333333,17.57337142664992,6.067494151066628,2.002313395391935,Inspector_blue
0.0,0.0,0.0,1.095890410958904,0,0.0,0.0,25.3,10.195068346221957,7.028356347141086,28.596159304768072,Inspector_blue
0.0,0.0,0.0,2.0,1,0.0,0.0,55.86666666666667,52.677050861128386,70.0,44.41238401559451,Inspector_orange
0.0,0.0,0.0,2.0,0,0.0,0.0,41.446666666666665,38.98776665124964,24.454467657014533,14.08285431075798,Inspector_green
0.0,0.0,0.0,2.0,1,0.0,0.0,55.76,46.857461264642104,25.24228112223609,14.077417952720088,Inspector_purple
0.0,0.0,0.0,2.0,0,1.0,0.0,64.22666666666667,13.006300778408693,18.887924327707655,4.628879396411054,Inspector_blue
0.0,0.0,1.0,1.0,1,0.0,0.0,25.3,43.15329822125864,45.19181308521539,42.41720256804,Inspector_green
0.0,0.0,0.0,2.0,1,0.0,0.0,44.01333333333333,27.369302325188432,29.22856142236979,18.68076172565072,Inspector_orange
0.0,0.0,0.0,0.9232876712328768,0,0.0,0.0,39.92666666666667,20.004850560187112,20.343528405264088,0.5543221574327262,Inspector_yellow
0.0,0.0,0.0,2.0,1,0.0,0.0,38.333333333333336,21.99170360292591,2.149754737027416,4.718735556069562,Inspector_orange
0.0,0.0,0.0,2.0,1,0.0,0.0,89.13666666666666,23.40498043670807,8.212657875088038,0.012122249797698551,Inspector_orange
0.0,0.0,0.0,0.7671232876712328,1,0.0,0.0,64.49666666666666,11.855240728436465,4.9440452769641965,0.11233721763093177,Inspector_purple
0.0,1.0,1.0,1.4273972602739726,1,0.0,1.0,48.98666666666667,22.387812266333384,21.2837753618044,5.8509880413327835,Inspector_purple
0.0,0.0,0.0,0.8849315068493151,1,1.0,0.0,11.103333333333332,24.755317886338826,9.650911692431142,0.5065101231638597,Inspector_blue
0.0,1.0,0.0,0.9835616438356164,0,1.0,1.0,21.363333333333333,15.120643256725385,0.5736924924489166,6.0376946602405885,Inspector_orange
0.0,0.0,0.0,2.0,1,0.0,0.0,39.766666666666666,12.850752144804886,2.5471800487013843,19.82904893241785,Inspector_orange
0.0,0.0,0.0,2.0,1,0.0,0.0,79.64333333333333,28.577338964110805,41.16466439845868,37.136992510793206,Inspector_green
0.0,0.0,0.0,1.2301369863013698,0,0.0,0.0,63.54333333333333,35.967248846352994,19.379314498714333,0.011151234525937113,Inspector_yellow
1.0,0.0,0.0,2.0,1,0.0,0.0,81.83333333333333,6.8658994700320495,14.672347490273607,0.0001814983967135924,Inspector_yellow
0.0,0.0,0.0,1.3178082191780822,0,0.0,0.0,72.51333333333334,10.197213354698006,10.216275541055447,0.0007485078149659387,Inspector_yellow
0.0,0.0,0.0,1.1726027397260277,1,0.0,0.0,22.54666666666667,8.394596446086712,5.789564473618281,28.27299864490233,Inspector_blue
0.0,0.0,0.0,1.2520547945205478,0,0.0,0.0,64.77999999999999,22.240214766222934,7.682640475870067,28.32603925454617,Inspector_yellow
0.0,0.0,0.0,2.0,1,0.0,0.0,36.89000000000001,56.49962713284396,30.554588624047184,50.0,Inspector_yellow
0.0,0.0,0.0,0.9808219178082191,0,0.0,0.0,39.406666666666666,17.135946120781398,70.0,36.782700423929455,Inspector_orange
0.0,1.0,0.0,0.8547945205479452,1,0.0,0.0,30.48333333333333,70.0,42.898858897751175,23.74428803504643,Inspector_orange
0.0,0.0,0.0,2.0,1,0.0,0.0,57.34666666666667,15.99984991571975,22.5184889541457,12.103476066375224,Inspector_blue
0.0,0.0,0.0,2.0,1,0.0,0.0,87.62,12.520820093299069,11.819562565105224,15.580884373902904,Inspector_brown
0.0,0.0,0.0,1.0931506849315071,1,1.0,0.0,75.88666666666666,39.20447884973876,20.807540423480496,11.59796745256729,Inspector_green
0.0,1.0,1.0,1.0246575342465754,1,0.0,0.0,87.35000000000002,26.248437379834925,22.59781568655706,19.147248129066163,Inspector_blue
0.0,0.0,0.0,1.0136986301369864,1,0.0,0.0,22.29000000000001,6.070391762471727,7.859340965638026,0.008120140526436522,Inspector_yellow
0.0,0.0,0.0,2.0,1,0.0,0.0,51.82999999999999,20.462688778555734,49.670392460004024,9.410473286845184,Inspector_yellow
0.0,0.0,0.0,2.0,1,0.0,0.0,47.33333333333334,25.5888434172187,23.897700252906194,4.758011683724841,Inspector_green
0.0,0.0,0.0,2.0,0,0.0,1.0,73.09666666666669,6.404459613402713,3.721774478478709,15.065002319798452,Inspector_orange
1.0,0.0,0.0,2.0,1,1.0,0.0,23.69333333333334,70.0,70.0,11.03744825872218,Inspector_orange
0.0,0.0,0.0,0.9150684931506852,1,1.0,0.0,40.873333333333335,15.22273928982178,19.946459489278308,0.9318275483720136,Inspector_green
0.0,0.0,0.0,0.5753424657534246,0,0.0,0.0,36.27666666666667,4.580079554858439,0.00021797958617574733,10.070612232979972,Inspector_brown
0.0,0.0,0.0,2.0,1,1.0,0.0,49.85666666666666,9.266303986528355,7.218064990337792,12.719280912814634,Inspector_green
0.0,0.0,0.0,0.7945205479452054,1,0.0,0.0,30.236666666666665,5.317930948960808,0.059899627056227964,12.25686238894484,Inspector_brown
0.0,0.0,0.0,0.947945205479452,1,1.0,0.0,30.48333333333333,15.424100066161245,6.293247363828034,0.0018018998295349074,Inspector_green
0.0,0.0,0.0,1.86027397260274,1,1.0,0.0,55.19666666666666,21.47404483098576,27.51588835012255,7.698018708408778,Inspector_yellow
0.0,0.0,0.0,0.6246575342465753,1,0.0,0.0,66.49666666666667,6.907853339693324,20.41118288543236,1.5962652685443408,Inspector_yellow
0.0,0.0,0.0,0.8821917808219178,1,0.0,0.0,52.20333333333334,28.913667755807747,47.50176515965248,32.39673383349537,Inspector_green
0.0,0.0,0.0,0.9616438356164384,1,0.0,0.0,50.41,14.820501029427307,20.730819086928026,15.519853496931074,Inspector_yellow
0.0,0.0,0.0,0.6136986301369863,1,0.0,0.0,70.68666666666667,1.7604655073026683e-194,8.688185163099974e-225,3.835224232553511e-212,Inspector_orange
0.0,0.0,0.0,1.4958904109589042,0,0.0,0.0,83.94000000000003,26.92495669177905,19.498068250036866,0.09036673767426284,Inspector_yellow
1.0,0.0,0.0,2.0,0,0.0,0.0,63.77666666666667,13.40817213468456,6.4426403340691225,0.0954610404169164,Inspector_purple
0.0,1.0,0.0,1.0164383561643835,0,0.0,0.0,39.08000000000001,0.12389069754187082,2.872808060809908,14.896908660274455,Inspector_brown
0.0,0.0,0.0,0.8054794520547945,1,0.0,0.0,34.39666666666667,30.717316333899607,27.65521942678945,25.293827896330022,Inspector_brown
0.0,0.0,0.0,0.9205479452054794,1,0.0,0.0,63.07666666666668,43.494794790270575,45.358703554448965,22.84708268920365,Inspector_brown
0.0,0.0,0.0,2.0,1,0.0,0.0,24.513333333333332,12.708819957816775,13.472985832616196,30.910195572564145,Inspector_brown
0.0,0.0,0.0,2.0,0,0.0,0.0,53.04,12.090176619389556,37.122715023554186,15.211676388113945,Inspector_green
0.0,1.0,0.0,1.0027397260273974,1,0.0,0.0,33.97333333333333,21.78339220930738,9.55713994061111,16.103636725633447,Inspector_blue
0.0,0.0,0.0,1.1205479452054794,1,0.0,0.0,74.75000000000001,37.72026204902605,42.381034690065825,7.751940060915768,Inspector_orange
0.0,0.0,0.0,2.0,1,0.0,0.0,48.82666666666666,6.047955563079388,9.794972894043307,2.049847084460871,Inspector_yellow
1.0,0.0,0.0,0.673972602739726,1,1.0,0.0,50.96666666666667,18.15713247730533,18.782782739282805,0.4485249768352833,Inspector_blue
0.0,0.0,0.0,2.0,1,0.0,0.0,41.35333333333333,19.84802082176056,32.973603430660624,22.19270907538902,Inspector_orange
0.0,0.0,0.0,2.0,1,0.0,1.0,78.66333333333334,25.184653378672014,38.62252752534858,20.655113013810414,Inspector_orange
0.0,0.0,0.0,2.0,1,0.0,0.0,85.99333333333334,20.311075816888145,16.90563342848789,6.666021174810875,Inspector_green
0.0,0.0,0.0,2.0,1,0.0,0.0,39.766666666666666,18.221041350118142,29.88230567594643,3.185359713272974,Inspector_orange
0.0,0.0,0.0,2.0,1,0.0,0.0,34.06,2.1068472231423967,6.612783054550233,3.838624621204827,Inspector_blue
0.0,0.0,0.0,2.0,1,0.0,0.0,35.79666666666665,7.086838959302336,23.440740809840523,0.015056901208274132,Inspector_green
0.0,0.0,0.0,2.0,1,0.0,0.0,75.64999999999998,43.194426671009204,12.218790904287395,30.222716887745765,Inspector_orange
0.0,0.0,0.0,2.0,1,0.0,1.0,75.88666666666666,30.811848243469505,15.439893768897386,9.648150400633774,Inspector_orange
0.0,0.0,0.0,2.0,0,0.0,0.0,48.71333333333334,12.84302720309057,14.071301676958473,5.516457444276456,Inspector_blue
1.0,0.0,0.0,2.0,1,1.0,0.0,56.46,32.379884629522145,70.0,24.52271577865283,Inspector_blue
0.0,0.0,0.0,2.0,1,0.0,1.0,89.13666666666666,18.462964909829285,19.10292322781105,14.001581145986387,Inspector_blue
0.0,1.0,0.0,0.9095890410958904,1,0.0,0.0,30.236666666666665,8.753829974314566,6.302017749665732,0.002062791495217065,Inspector_yellow
0.0,0.0,0.0,1.6493150684931508,1,0.0,0.0,77.56333333333333,2.2272773984317835,3.839423160453644,2.1643910390410066,Inspector_brown
0.0,0.0,0.0,2.0,0,0.0,1.0,79.39999999999998,60.438740572442704,61.74925239415022,50.0,Inspector_green
0.0,0.0,0.0,2.0,0,0.0,0.0,41.65333333333333,23.85798009958209,70.0,7.780482001656249,Inspector_blue
0.0,1.0,0.0,0.9424657534246575,1,0.0,1.0,21.363333333333333,20.18911395393292,7.478190260694648,9.167468895484882,Inspector_green
0.0,0.0,0.0,0.8328767123287671,1,0.0,0.0,20.16,23.157053207178866,0.8915667497233304,11.813812423596408,Inspector_green
0.0,0.0,0.0,2.0,1,0.0,1.0,79.75333333333333,46.22742403910306,70.0,50.0,Inspector_brown
0.0,0.0,0.0,2.0,0,0.0,0.0,73.09666666666669,13.158234068015465,11.889069694161432,0.008908832882487006,Inspector_yellow
0.0,0.0,0.0,2.0,1,0.0,1.0,93.28333333333336,51.324228919197004,29.415511277819014,22.28241034130953,Inspector_brown
0.0,0.0,0.0,2.0,1,0.0,0.0,74.46333333333331,28.123289710062323,27.85153755063149,31.199939670487773,Inspector_blue
0.0,0.0,0.0,2.0,0,0.0,0.0,68.33666666666666,7.470177110063616,12.725898174092322,40.52798720557305,Inspector_blue
0.0,0.0,0.0,2.0,1,0.0,0.0,44.04333333333333,0.6360733150280337,1.7067214579547123,11.729525414702596,Inspector_orange
0.0,0.0,0.0,1.3095890410958904,1,0.0,0.0,79.88333333333334,2.32130582134116,2.8997206334300185,0.011281580087088136,Inspector_yellow
1.0,0.0,1.0,0.7671232876712328,1,0.0,0.0,44.70666666666667,3.0006309171180576,2.8938200812562966,0.00023913727487254855,Inspector_blue
0.0,1.0,1.0,1.5616438356164384,1,1.0,0.0,35.50666666666667,19.216152392637525,37.23344382269684,2.9990714749079697,Inspector_yellow
0.0,0.0,0.0,2.0,1,0.0,0.0,48.56,0.0143041198893956,4.460022332906453e-05,1.7570643876649307e-15,Inspector_green
0.0,0.0,0.0,0.6657534246575343,1,0.0,0.0,40.49333333333335,21.76795372239121,20.43346835081362,8.321389972964681,Inspector_green
0.0,0.0,0.0,2.0,1,0.0,0.0,44.13333333333333,7.443984940776888,0.9437631069691016,6.039866729306557,Inspector_green
0.0,0.0,0.0,2.0,1,1.0,0.0,45.57333333333333,70.0,26.06912851593958,15.562374522042287,Inspector_purple
0.0,0.0,0.0,2.0,0,0.0,0.0,83.74333333333334,0.4587614324971658,3.0038775646583105,20.032426564268707,Inspector_brown
0.0,0.0,0.0,2.0,0,1.0,0.0,54.47666666666667,67.317249653676,48.293044682419385,21.748700748439614,Inspector_orange
0.0,1.0,1.0,0.4986301369863014,1,0.0,0.0,68.19000000000001,5.17020428085582,0.2518204366868183,4.851976986871618,Inspector_brown
0.0,1.0,1.0,0.4027397260273973,1,0.0,0.0,44.43666666666667,33.304446830221856,20.415659555203128,8.24187489484046,Inspector_yellow
1.0,0.0,0.0,1.0383561643835617,1,1.0,0.0,74.43333333333331,18.467768952547488,33.346507586342675,0.0004214941818778733,Inspector_yellow
0.0,0.0,0.0,2.0,1,0.0,0.0,79.7,15.871475277445375,36.684677147854046,18.06533835944884,Inspector_blue
0.0,0.0,0.0,2.0,0,0.0,0.0,88.64666666666666,0.6720760765569295,20.199853776957735,14.700311261790358,Inspector_brown
0.0,0.0,0.0,0.473972602739726,1,0.0,0.0,32.4,14.769094623092673,32.551937953345565,2.033073730612661,Inspector_yellow
0.0,0.0,0.0,1.4246575342465753,1,0.0,0.0,79.39999999999998,15.105325765971266,41.614450222653886,23.08655285566518,Inspector_purple
0.0,0.0,0.0,2.0,0,0.0,0.0,65.08666666666666,11.114277741904374,10.847839757788208,3.8596170519363646,Inspector_blue
0.0,0.0,0.0,2.0,1,0.0,0.0,48.98666666666667,6.893470543844793,1.514662982220072,8.271014467370977,Inspector_orange
1.0,0.0,0.0,1.0273972602739727,1,0.0,0.0,38.246666666666655,11.444842372838135,1.149613504874058,23.668938663727907,Inspector_orange
0.0,0.0,0.0,2.0,0,0.0,0.0,49.33000000000001,20.049406457230155,15.18169197882304,23.98148866331353,Inspector_yellow
0.0,0.0,0.0,2.0,0,0.0,0.0,38.91333333333333,13.149637592721266,34.97700845042823,26.515028400173307,Inspector_orange
0.0,0.0,0.0,2.0,0,0.0,0.0,86.39666666666666,1.4047052395229511,0.7754809967969281,6.831206693358051,Inspector_orange
0.0,0.0,0.0,0.8794520547945206,1,0.0,0.0,38.54333333333333,7.25870205315864,2.0911161939533742,8.075793882894692,Inspector_brown
1.0,0.0,0.0,2.0,1,0.0,1.0,92.08666666666666,9.593778427353088,13.99839359841798,25.543441999364408,Inspector_orange
0.0,0.0,0.0,2.0,0,0.0,0.0,65.74666666666666,5.964442700118378,14.518207747150418,1.9288456500471087,Inspector_blue
0.0,0.0,0.0,2.0,0,0.0,0.0,38.25333333333333,20.718458180457272,24.52363404978852,25.19653664199721,Inspector_brown
0.0,0.0,0.0,2.0,1,0.0,0.0,62.86666666666667,2.0093875658148743,12.937832986411221,2.70947290221024,Inspector_blue
1.0,0.0,0.0,1.1726027397260277,1,1.0,0.0,85.05666666666667,28.059134717259962,15.824195431026284,35.5106771751313,Inspector_blue
0.0,0.0,0.0,2.0,1,0.0,0.0,49.44,3.13628502511251,3.707811941257313,0.11460710465721236,Inspector_yellow
0.0,0.0,0.0,2.0,1,0.0,0.0,89.13666666666666,3.6637300654645433,1.6491952421167841,0.5987255694111795,Inspector_yellow
0.0,0.0,0.0,2.0,1,0.0,0.0,79.52,11.244440518804428,13.725765946022394,9.239733414968127,Inspector_blue
0.0,0.0,0.0,2.0,1,1.0,0.0,54.05666666666666,66.7079392185371,4.6540620919929365,22.70598476238437,Inspector_brown
0.0,0.0,0.0,2.0,1,0.0,1.0,38.906666666666666,20.634448779702307,23.774710223232738,15.607840810295675,Inspector_yellow
1.0,0.0,0.0,2.0,1,0.0,1.0,79.7,34.26766162727015,37.25194633537495,32.9149253234891,Inspector_blue
1.0,0.0,0.0,2.0,1,0.0,0.0,76.57666666666667,32.25224888802081,52.75870344822423,23.54389181942513,Inspector_blue
0.0,0.0,0.0,1.0328767123287672,1,0.0,0.0,65.08666666666666,15.637103260761359,11.746918391039832,10.228659354881072,Inspector_blue
1.0,0.0,0.0,2.0,0,0.0,0.0,63.08000000000001,70.0,27.743827026891626,17.65362164553205,Inspector_orange
0.0,0.0,0.0,2.0,0,0.0,0.0,31.83,41.50993310139901,17.3408454561233,2.2742990003173995,Inspector_green
0.0,0.0,0.0,2.0,1,0.0,0.0,39.92666666666667,17.407786259818767,11.146639953798497,27.762425453254448,Inspector_blue
0.0,0.0,0.0,0.4547945205479452,1,0.0,0.0,52.88,1.4387341421491104e-206,5.9077284762191e-200,7.789926500781853e-210,Inspector_green
0.0,1.0,0.0,1.5780821917808217,1,0.0,0.0,23.616666666666664,17.28189170913576,9.968266198327699,13.47620908339741,Inspector_orange
0.0,0.0,0.0,1.021917808219178,1,0.0,0.0,43.51333333333333,6.886352571418705,10.362506361064872,1.4528317839218408,Inspector_green
0.0,1.0,0.0,1.747945205479452,1,0.0,0.0,71.05333333333334,19.09523148410784,16.526057917715914,18.728041233901546,Inspector_green
0.0,0.0,0.0,2.0,0,0.0,0.0,77.80666666666667,18.59935432397303,6.464343253147563,18.85551746747445,Inspector_brown
0.0,0.0,0.0,0.9150684931506852,0,0.0,0.0,35.1,37.980880500462696,70.0,0.09059817665548538,Inspector_green
0.0,0.0,0.0,0.8493150684931506,1,0.0,0.0,30.48333333333333,16.24658022798053,3.882549399174459,0.006900242037375375,Inspector_orange
0.0,0.0,0.0,0.6712328767123288,1,0.0,0.0,11.066666666666668,24.20498341236772,58.524201375441706,10.067967497131749,Inspector_purple
1.0,1.0,0.0,1.0054794520547945,0,0.0,1.0,28.31333333333333,54.26697143858919,7.671995164444794,22.627934138671588,Inspector_orange
0.0,0.0,0.0,2.0,1,0.0,0.0,36.01333333333334,2.446882109559993,7.095119417959023,8.880952093714273,Inspector_green
0.0,0.0,0.0,0.7479452054794521,0,1.0,0.0,39.406666666666666,43.405064796577214,9.306336059734493,13.596054621284635,Inspector_yellow
0.0,0.0,0.0,2.0,1,0.0,0.0,61.83333333333334,28.220950147121574,15.330325378465712,20.449540529511584,Inspector_brown
0.0,0.0,0.0,2.0,1,0.0,0.0,59.14666666666667,2.6374494305855345,2.218062848811114,0.8042808591462572,Inspector_blue
0.0,0.0,1.0,1.9945205479452053,0,0.0,0.0,50.41,41.80443925979556,54.48443346883475,21.256448481058648,Inspector_purple
1.0,0.0,0.0,0.7589041095890411,1,1.0,0.0,43.90333333333333,20.41355464840613,29.68671622250011,15.724403735974102,Inspector_orange
0.0,0.0,0.0,1.1616438356164382,1,0.0,0.0,70.60000000000002,22.086765159397206,11.025960918950515,13.163963055543782,Inspector_blue
0.0,0.0,0.0,0.9890410958904108,1,0.0,0.0,76.94666666666666,8.288165066483337,44.97917004908311,28.61949280060821,Inspector_blue
0.0,0.0,0.0,2.0,1,0.0,0.0,88.09333333333332,20.381528942585003,9.790540730246368,14.84529947355997,Inspector_brown
0.0,0.0,0.0,0.5397260273972603,1,0.0,0.0,79.75333333333333,3.495826911836336e-194,1.115010171612678e-219,2.952493449818989e-214,Inspector_green
0.0,0.0,0.0,2.0,1,0.0,0.0,42.08666666666667,5.784056569447162,2.3249066260092657,10.043787812707373,Inspector_orange
0.0,0.0,0.0,2.0,1,0.0,0.0,87.05666666666666,37.95180564119649,4.930822846138378,16.52513826660092,Inspector_green
0.0,0.0,0.0,2.0,0,0.0,0.0,74.16000000000003,8.349758576464929,14.629059187827572,0.7766583409412304,Inspector_green
0.0,0.0,0.0,1.3753424657534246,0,0.0,0.0,73.09666666666669,2.01734047537988,30.93685801396823,4.596103243860705,Inspector_green
0.0,0.0,0.0,2.0,0,0.0,0.0,44.82666666666666,26.504081254197764,48.049405103561966,5.944015783770612,Inspector_green
0.0,0.0,0.0,2.0,0,0.0,0.0,23.59,11.410352944544526,20.01110892308934,20.065434125480746,Inspector_green
0.0,0.0,0.0,1.9945205479452053,1,0.0,0.0,63.69666666666666,26.177424954193874,15.60372041858774,29.73135494876338,Inspector_orange
0.0,0.0,0.0,2.0,1,0.0,0.0,25.626666666666665,25.085395002281928,23.22215506723543,37.54676103134,Inspector_yellow
0.0,1.0,1.0,0.8246575342465754,1,0.0,0.0,52.99666666666667,12.496454606596696,35.80051157593591,39.663672888514384,Inspector_green
1.0,1.0,0.0,1.1424657534246576,1,0.0,0.0,34.95,1.4588340226457748,0.0245514346784462,9.02795261557184,Inspector_yellow
0.0,0.0,0.0,0.9342465753424658,1,0.0,0.0,25.08666666666667,70.0,70.0,27.824689201895215,Inspector_orange
0.0,0.0,0.0,0.6109589041095891,1,0.0,0.0,48.03,33.722938635005924,22.381891550653826,15.255768040346911,Inspector_orange
0.0,0.0,0.0,0.4301369863013699,1,0.0,0.0,82.71,22.08387865621264,18.903723342642387,33.13757120104508,Inspector_brown
0.0,0.0,0.0,2.0,1,0.0,0.0,80.42,22.80231247135605,16.238254418285223,16.396428761636173,Inspector_green
0.0,0.0,0.0,0.852054794520548,1,0.0,0.0,69.49333333333333,13.389968724059255,4.43984296515286,0.723030326102861,Inspector_green
0.0,0.0,0.0,0.5205479452054794,1,0.0,0.0,53.60999999999999,16.499508270904794,22.189557978349857,21.243386331169074,Inspector_green
0.0,0.0,0.0,2.0,0,0.0,0.0,78.08333333333333,25.09482394127778,36.04488152459728,22.66996856951808,Inspector_yellow
1.0,0.0,0.0,2.0,0,1.0,0.0,19.68,33.86687674267189,14.183846318695846,0.03364481018949324,Inspector_blue
0.0,0.0,0.0,0.8931506849315068,1,0.0,0.0,28.66666666666667,13.037924971426904,11.365297995050044,9.184850424156703,Inspector_blue
0.0,0.0,0.0,1.3068493150684932,1,0.0,0.0,79.70333333333333,16.670961657365726,16.484398443980144,25.243778393720326,Inspector_yellow
0.0,0.0,0.0,2.0,1,0.0,0.0,87.39666666666666,40.751443217993454,8.53778225077156,11.474066901892662,Inspector_orange
0.0,0.0,0.0,2.0,1,0.0,0.0,75.07333333333331,19.27228567105975,3.036873717024555,9.593743845749898,Inspector_orange
0.0,1.0,1.0,0.5753424657534246,0,0.0,0.0,82.26,17.54885843761584,24.285795297422148,0.10577098705684553,Inspector_yellow
0.0,0.0,0.0,0.663013698630137,1,0.0,0.0,37.076666666666654,2.9900503787385087,18.035215887703,7.290292657274665,Inspector_brown
0.0,1.0,0.0,1.2410958904109588,1,0.0,0.0,52.20333333333334,31.222058297077155,35.7077078764811,35.16628082238731,Inspector_yellow
0.0,0.0,0.0,0.5972602739726027,1,0.0,0.0,42.96666666666666,21.740293229902672,22.9129159012105,7.135520222487751,Inspector_yellow
0.0,0.0,0.0,0.947945205479452,1,1.0,0.0,21.363333333333333,4.528072389741257,0.7310965445967963,0.006027027515077601,Inspector_orange
0.0,0.0,0.0,2.0,0,0.0,0.0,38.37333333333333,0.18409440185405104,2.6173488949122117,0.15920689737792693,Inspector_yellow
0.0,1.0,0.0,0.6301369863013698,1,0.0,0.0,58.40666666666666,16.49465305591274,19.708475549063962,14.447375040080258,Inspector_brown
0.0,0.0,0.0,2.0,1,0.0,0.0,20.456666666666667,5.985859067523732,6.4329323461413885,10.505675738293228,Inspector_blue
0.0,1.0,0.0,0.7835616438356164,1,0.0,0.0,14.089999999999998,8.805267046261779,37.144354157116105,50.0,Inspector_green
0.0,0.0,0.0,0.9452054794520548,1,0.0,0.0,28.94,20.915720032666314,37.73008714473265,14.143019343303685,Inspector_orange
0.0,0.0,0.0,2.0,0,0.0,0.0,37.67,28.78383414657365,17.64030947432485,14.03788808547548,Inspector_blue
0.0,0.0,0.0,2.0,0,1.0,0.0,11.103333333333332,53.02577018608618,13.09382049585016,24.45253991974657,Inspector_brown
1.0,0.0,0.0,2.0,1,0.0,1.0,63.08000000000001,59.09464447763153,21.80836518828765,46.02193996206714,Inspector_purple
1.0,0.0,0.0,2.0,1,0.0,0.0,47.55,3.523974532005575,6.8550617196770345,3.10908449579312,Inspector_blue
0.0,0.0,0.0,1.1863013698630136,0,0.0,0.0,43.01666666666667,46.7217682856812,35.441809854667866,20.82374309143243,Inspector_blue
0.0,0.0,0.0,2.0,0,0.0,0.0,28.94,28.73526219321949,61.55828548944933,50.0,Inspector_yellow
0.0,0.0,0.0,1.9452054794520548,1,0.0,0.0,67.64999999999999,48.12329777007322,70.0,14.370078504064974,Inspector_green
0.0,0.0,0.0,2.0,1,1.0,0.0,74.23,31.201650958786807,31.665477998220076,23.95891351367435,Inspector_purple
0.0,0.0,0.0,0.6,1,0.0,0.0,76.07333333333334,37.101369999571034,38.20244831540485,18.914387319358106,Inspector_yellow
0.0,0.0,0.0,2.0,1,0.0,0.0,59.04999999999999,70.0,70.0,35.976865300115165,Inspector_blue
0.0,0.0,0.0,1.0191780821917809,1,0.0,0.0,43.13666666666666,15.152996571187488,1.8931448382879004,16.913962035303427,Inspector_brown
0.0,0.0,0.0,2.0,0,0.0,0.0,32.86666666666667,25.36372231228659,22.590327851469922,20.213848145151047,Inspector_blue
0.0,0.0,0.0,0.5780821917808219,1,0.0,0.0,78.67999999999998,1.145002975840166,0.6462181866481673,7.111322632889677,Inspector_blue
0.0,0.0,0.0,2.0,1,1.0,0.0,63.89333333333334,57.772437047681464,31.975858010894303,46.24790056826219,Inspector_yellow
1.0,0.0,0.0,2.0,1,0.0,0.0,51.01,24.741490162189308,23.979318529925226,0.6358241262755489,Inspector_green
0.0,0.0,0.0,0.4821917808219178,1,0.0,0.0,44.93,14.68927915761401,17.814541868378814,2.2155143106411344,Inspector_blue
0.0,0.0,0.0,2.0,1,0.0,0.0,76.44666666666666,9.219776217408288,6.372045341353536,8.776872445008522,Inspector_orange
0.0,0.0,0.0,2.0,0,0.0,0.0,76.43666666666667,15.516662340390933,14.291689027340656,1.8537480591012767,Inspector_green
1.0,0.0,0.0,0.5041095890410959,1,0.0,0.0,33.78333333333333,22.97253848581796,17.472462061886233,1.179061782012048,Inspector_purple
0.0,0.0,0.0,2.0,1,1.0,0.0,61.02,68.7704102425883,18.960653154534587,21.911324218183765,Inspector_green
0.0,0.0,0.0,1.1342465753424658,1,0.0,0.0,28.66666666666667,0.1657066751504574,0.17189627325571574,3.3564100989816965,Inspector_yellow
0.0,0.0,0.0,2.0,0,0.0,0.0,86.12,47.46467669061493,30.80022473259648,23.43950073305373,Inspector_brown
1.0,0.0,0.0,2.0,1,0.0,0.0,61.97666666666667,7.521514986629334,12.06946869760055,6.8138628449404965,Inspector_yellow
0.0,0.0,0.0,2.0,0,0.0,0.0,52.776666666666664,7.3467131462392805,30.85510257971569,1.3031834201123214,Inspector_green
0.0,0.0,0.0,0.7890410958904109,1,0.0,0.0,57.04,8.180682299008026,3.9945630894400317,12.308194079809068,Inspector_brown
0.0,0.0,0.0,0.9232876712328768,1,0.0,0.0,75.92666666666666,5.579617921603312,6.4654161489867885,27.01265969732148,Inspector_brown
0.0,0.0,0.0,2.0,1,0.0,0.0,80.50333333333333,39.80645079282614,15.880808941259318,6.057154098560472,Inspector_green
0.0,0.0,0.0,2.0,0,0.0,0.0,72.33999999999997,19.45940511958575,22.61228493748797,26.088544929621506,Inspector_blue
1.0,0.0,0.0,2.0,0,0.0,0.0,51.77333333333333,6.0752339563124105,19.745402778783845,0.9252822344011452,Inspector_purple
0.0,0.0,0.0,1.0246575342465754,1,0.0,0.0,30.236666666666665,0.7233268085664508,7.89122165565438,0.6181947753469127,Inspector_orange
0.0,0.0,0.0,2.0,1,0.0,0.0,79.69333333333333,12.903661641707128,23.785661352968358,3.1857431169019765,Inspector_green
0.0,0.0,0.0,2.0,0,0.0,0.0,81.53333333333335,10.983505286937172,21.54900048549272,23.837146436950913,Inspector_brown
0.0,1.0,0.0,1.2493150684931509,1,0.0,0.0,91.04666666666668,12.770904359599776,3.643402828390239,4.518858375659767,Inspector_yellow
1.0,0.0,0.0,2.0,0,0.0,0.0,48.68333333333333,8.699297770812588,67.45710691919122,12.216780833968219,Inspector_blue
1.0,1.0,0.0,1.0904109589041096,1,0.0,0.0,23.59,10.163149481963503,22.68759021886052,16.467534637989615,Inspector_yellow
0.0,0.0,0.0,2.0,1,0.0,0.0,85.46,22.595375965251,17.153743279096027,22.952085759615283,Inspector_brown
0.0,0.0,0.0,1.073972602739726,1,0.0,0.0,52.22666666666667,13.458728563979893,8.82364912208784,0.029000575495097183,Inspector_orange
0.0,0.0,0.0,2.0,1,0.0,1.0,82.51,41.86471192295503,61.315295124923495,47.816018134960395,Inspector_blue
0.0,0.0,0.0,0.4438356164383562,1,0.0,0.0,74.96333333333334,0.3929449101192871,0.13738089672971796,0.5512007478815363,Inspector_orange
0.0,0.0,0.0,0.4602739726027397,1,0.0,0.0,36.57,12.361163624717815,26.514004005832113,22.44236113973882,Inspector_green
0.0,1.0,0.0,0.38904109589041097,1,0.0,0.0,56.19666666666666,11.672789677955935,5.886428475523125,21.851217648750048,Inspector_green
0.0,1.0,0.0,0.2821917808219178,0,0.0,0.0,36.67666666666667,24.751224526258817,45.38535122771688,23.933509746271877,Inspector_green
0.0,0.0,0.0,1.443835616438356,1,0.0,0.0,53.32666666666666,17.334885968009075,10.115464848452794,18.972071758238176,Inspector_green
0.0,1.0,0.0,0.3972602739726027,0,0.0,0.0,23.58333333333333,8.669170315538352,9.031867684211864,1.9596534821940328,Inspector_yellow
0.0,0.0,0.0,2.0,1,0.0,0.0,39.92666666666667,7.9007777434819655,29.32516592104218,1.4408365188923935,Inspector_purple
0.0,0.0,0.0,2.0,0,0.0,0.0,78.16666666666667,7.759124786534567,12.090658913020306,6.278214838790808,Inspector_orange
0.0,1.0,0.0,2.0,0,0.0,0.0,58.84333333333333,22.374573559032847,50.387740916277295,13.440085308060207,Inspector_yellow
0.0,0.0,0.0,0.9452054794520548,1,0.0,0.0,75.92666666666666,27.62452221921184,29.20422753536865,0.8266300046677117,Inspector_purple
1.0,0.0,0.0,2.0,0,0.0,0.0,59.86666666666667,11.446707396838914,9.7785725175749,15.841398149537365,Inspector_blue
0.0,0.0,0.0,2.0,1,1.0,0.0,68.89,30.84567763844776,9.114635177064807,34.24652502685453,Inspector_yellow
1.0,0.0,1.0,0.726027397260274,1,0.0,0.0,79.88333333333334,12.052324243281262,42.2969346566869,36.91826868099377,Inspector_blue
0.0,0.0,0.0,2.0,1,0.0,0.0,40.873333333333335,15.094588641695461,12.341657468903588,0.6329313944955265,Inspector_green
0.0,0.0,1.0,1.1068493150684928,0,0.0,0.0,65.74666666666666,9.541296022787957,16.83815033324208,26.60613891650309,Inspector_yellow
0.0,0.0,0.0,2.0,1,0.0,0.0,93.37666666666668,0.0001675868614313406,14.179133931918054,14.842164336163744,Inspector_orange
0.0,0.0,0.0,1.2849315068493148,1,1.0,0.0,54.95,29.539884649228988,12.972769182895632,1.1295230097655533,Inspector_yellow
1.0,1.0,0.0,0.8438356164383561,0,1.0,0.0,16.96,19.07258293204196,16.610656948000592,0.08244797513575727,Inspector_blue
0.0,0.0,0.0,2.0,0,0.0,0.0,32.4,31.348487943308164,5.591239426807807,18.63049321823678,Inspector_yellow
0.0,0.0,0.0,2.0,0,0.0,0.0,77.80666666666667,15.544326723505945,3.097517114638739,9.413850884525033,Inspector_brown
0.0,0.0,0.0,0.7643835616438356,0,1.0,0.0,44.43666666666667,3.739109025687732,0.004646610298546754,27.853487927106148,Inspector_orange
0.0,0.0,0.0,2.0,0,0.0,0.0,65.40666666666668,13.45111750694396,25.12575895444028,32.01143214434727,Inspector_green
1.0,0.0,0.0,2.0,1,0.0,0.0,44.70666666666667,0.5423306156312485,3.192648968120425,0.020494565824932046,Inspector_blue
1.0,1.0,0.0,1.0931506849315071,1,0.0,0.0,45.75666666666667,17.300171707029087,20.077757635706195,5.426764693723425,Inspector_blue
1.0,0.0,0.0,2.0,0,1.0,0.0,76.6566666666667,3.8556363881440716,4.135758358156668,3.910493387386561,Inspector_purple
0.0,0.0,0.0,0.4246575342465753,1,1.0,0.0,50.96666666666667,2.610915667233823e-246,7.43369990798832e-189,3.1871442915565177e-32,Inspector_green
0.0,0.0,0.0,0.4219178082191781,1,0.0,0.0,29.173333333333336,26.736076105289932,29.216918994286928,9.818031128919415,Inspector_purple
0.0,0.0,0.0,0.8849315068493151,1,0.0,0.0,19.9,8.471390727322389,0.005840103674759476,12.812492187031006,Inspector_brown
0.0,0.0,0.0,0.9452054794520548,1,0.0,0.0,75.92666666666666,27.62452221921184,29.20422753536865,0.8266300046677117,Inspector_purple
1.0,1.0,0.0,1.0767123287671232,1,0.0,0.0,39.61666666666667,16.18164882871683,18.899623292819086,4.782632180638187,Inspector_green
0.0,0.0,0.0,2.0,0,0.0,0.0,41.06333333333333,25.657703616151448,15.475829996550875,14.551990549109796,Inspector_orange
0.0,0.0,0.0,2.0,1,1.0,0.0,78.08333333333333,12.228350378268974,14.65978215405124,36.64830477791115,Inspector_orange
0.0,0.0,0.0,0.6328767123287671,1,0.0,0.0,43.90333333333333,24.000886659607602,6.366764327508438,0.21381156477599125,Inspector_blue
0.0,0.0,0.0,2.0,1,1.0,0.0,46.84333333333333,10.945090323094004,65.599774236705,16.84579380842078,Inspector_orange
0.0,1.0,0.0,0.6602739726027397,1,0.0,0.0,73.24333333333333,38.730411670710346,29.76881836606913,11.364704874372404,Inspector_green
0.0,0.0,0.0,2.0,0,0.0,0.0,39.71333333333335,0.3997804567278864,8.99604993615893,9.393802796200461,Inspector_yellow
0.0,0.0,0.0,0.9013698630136986,1,0.0,0.0,67.17666666666666,11.0145990848881,22.853212550214106,29.952100515160236,Inspector_green
0.0,1.0,0.0,0.8684931506849315,1,0.0,0.0,51.77333333333333,15.78353375302438,36.34673903589493,7.4893749131798675,Inspector_green
0.0,0.0,0.0,0.9041095890410958,1,1.0,0.0,85.05666666666667,13.279812560750553,12.838908922083526,27.754626921377287,Inspector_brown
0.0,0.0,0.0,2.0,0,0.0,0.0,65.93333333333334,3.713904154246921,4.7182143224379525,0.22424777005858929,Inspector_yellow
1.0,0.0,0.0,2.0,0,0.0,0.0,88.44333333333334,45.021775660660715,29.226758032316212,14.8872482411306,Inspector_blue
0.0,0.0,0.0,2.0,1,0.0,0.0,69.17666666666666,1.7751587643336222,1.2254988273038012,0.8272693288279803,Inspector_orange
0.0,0.0,0.0,2.0,0,0.0,0.0,49.70333333333334,16.723813608371728,37.2014073631696,11.13091752274941,Inspector_purple
0.0,0.0,0.0,2.0,0,0.0,0.0,35.1,11.744439347907743,15.273921360929606,0.021086819719744958,Inspector_yellow
0.0,0.0,0.0,2.0,1,0.0,0.0,57.04,4.561861677518103,20.4932686976607,5.951836475813414,Inspector_green
0.0,0.0,0.0,2.0,1,1.0,0.0,58.50666666666666,25.402610890804425,23.872913109010504,0.8367980587598446,Inspector_green
0.0,0.0,0.0,0.7369863013698629,1,0.0,0.0,39.61666666666667,0.003345220403137812,0.004489706388970331,5.904518518702343,Inspector_brown
0.0,0.0,0.0,0.926027397260274,0,0.0,0.0,72.23666666666666,0.04588179339226555,5.347747603903628,6.550874557772626,Inspector_brown
0.0,0.0,0.0,1.1917808219178083,0,0.0,0.0,75.07333333333331,23.932442339978557,52.5486361950607,49.35035763617049,Inspector_brown
1.0,0.0,0.0,0.6547945205479452,0,0.0,0.0,29.82666666666667,8.603896149597322,15.969527171580491,9.160642055516467,Inspector_orange
0.0,0.0,0.0,0.4054794520547945,1,0.0,1.0,40.31333333333333,13.247219151406787,70.0,50.0,Inspector_blue
0.0,0.0,0.0,1.0,1,0.0,0.0,51.22,11.896360919430785,11.12225663965008,2.6459652453505256,Inspector_yellow
0.0,1.0,0.0,1.86027397260274,1,0.0,0.0,59.0,1.4700498728550926e-206,6.954239031882039e-200,8.116441941582328e-212,Inspector_green
0.0,0.0,0.0,2.0,1,0.0,1.0,59.13333333333333,17.873255265404687,42.571523691272546,16.153055593436868,Inspector_orange
0.0,1.0,1.0,1.5315068493150683,1,0.0,0.0,85.05666666666667,12.101765453879777,23.36862681965577,17.20097175922143,Inspector_yellow
0.0,0.0,1.0,1.0273972602739727,0,0.0,0.0,30.236666666666665,14.313200816408305,33.36751302935289,32.492815017897385,Inspector_green
1.0,0.0,0.0,2.0,0,0.0,0.0,74.23,13.564358852186382,7.839213261745963,13.80819913181569,Inspector_green
0.0,0.0,0.0,2.0,1,0.0,1.0,74.04,27.08343109529069,42.13905475545433,13.870065079680636,Inspector_yellow
0.0,1.0,1.0,0.5698630136986301,1,0.0,0.0,41.68333333333333,52.98463137646357,50.42440476132307,0.20794598445077594,Inspector_green
0.0,0.0,0.0,2.0,1,0.0,0.0,49.18000000000001,22.63800263683621,21.296305288860605,20.926759696305037,Inspector_green
0.0,0.0,0.0,2.0,0,1.0,0.0,55.76,24.56475632408031,4.601769556605387,0.0044971518759750456,Inspector_yellow
0.0,0.0,0.0,0.7287671232876712,0,0.0,0.0,74.46333333333331,3.302846098057863e-194,3.4586075222249737e-220,2.6949942525474873e-214,Inspector_orange
0.0,0.0,0.0,0.8027397260273973,1,0.0,0.0,14.089999999999998,10.059437469160569,11.01061632454741,17.760585548371008,Inspector_orange
0.0,0.0,0.0,2.0,0,0.0,0.0,19.843333333333334,16.749320009032253,40.33397755152206,24.787629018961958,Inspector_green
0.0,0.0,0.0,0.9369863013698628,1,0.0,0.0,57.31999999999999,17.00154102231574,46.40886872281871,11.695083249548334,Inspector_yellow
0.0,0.0,0.0,0.6082191780821918,1,0.0,0.0,36.67666666666667,8.005827042472491,0.2141686102346194,13.228278460024676,Inspector_orange
0.0,0.0,0.0,2.0,1,0.0,0.0,63.36666666666667,10.314758271855359,24.43372922562482,2.4070418610038105,Inspector_green
0.0,0.0,0.0,0.6684931506849315,0,0.0,0.0,31.72333333333333,25.27302879147589,21.42980139313176,1.9695048998817104,Inspector_blue
0.0,0.0,0.0,0.8465753424657534,1,0.0,1.0,82.99333333333333,8.384383593183518,44.756954134089526,36.647117770571,Inspector_orange
0.0,0.0,0.0,0.9945205479452056,1,0.0,0.0,59.0,5.087991439935508,4.582681517190411,7.686622566856141,Inspector_yellow
1.0,1.0,1.0,1.095890410958904,1,1.0,0.0,68.18,30.910161754767238,13.403490656210707,3.0882993876466345,Inspector_blue
1.0,0.0,0.0,2.0,0,0.0,1.0,21.96333333333333,27.144266868069177,12.324730893353223,16.950421019998306,Inspector_blue
1.0,0.0,0.0,1.180821917808219,1,1.0,0.0,45.75666666666667,5.242397950765007,4.512258799275182,18.859953009707425,Inspector_blue
0.0,0.0,0.0,1.1342465753424658,1,0.0,0.0,87.35000000000002,14.284775193693507,6.3276675636152735,0.1282261734487437,Inspector_purple
0.0,0.0,0.0,0.3589041095890411,0,0.0,0.0,34.06,20.900342666922885,45.5089801848469,21.977052739823627,Inspector_green
0.0,0.0,0.0,2.0,1,0.0,0.0,69.67,9.17504160277181,22.596940293026762,15.108428314198065,Inspector_orange
0.0,0.0,0.0,1.2904109589041095,0,0.0,0.0,64.77999999999999,47.39391954234011,50.261886797630034,10.474148352355671,Inspector_yellow
0.0,0.0,0.0,0.9397260273972604,0,0.0,0.0,50.41,19.249047339046925,65.4495503401423,14.30549040083757,Inspector_orange
0.0,0.0,0.0,2.0,1,0.0,0.0,31.53333333333333,23.11492378356741,17.983457212865773,11.841136452336302,Inspector_green
0.0,0.0,0.0,2.0,1,0.0,0.0,49.44,2.2075201184896858,4.962814558400923,0.2489500770401053,Inspector_yellow
0.0,0.0,0.0,0.463013698630137,1,1.0,0.0,63.54333333333333,13.863000936124413,4.438254547850922,14.526972158540678,Inspector_brown
1.0,0.0,0.0,2.0,1,0.0,0.0,83.45333333333333,20.58624936109474,15.425560001436287,22.091510581377644,Inspector_green
0.0,0.0,0.0,2.0,1,0.0,0.0,61.83333333333334,11.742170181439825,19.15070207951437,18.68381316328795,Inspector_green
0.0,1.0,0.0,0.9753424657534246,1,0.0,0.0,75.45666666666666,1.4431258825097608e-206,4.958894734401981e-201,6.953101061673465e-210,Inspector_orange
0.0,0.0,0.0,2.0,1,0.0,0.0,76.17333333333333,23.15453051613585,32.275967946578376,35.32002536041305,Inspector_orange
0.0,0.0,0.0,0.9095890410958904,1,0.0,0.0,68.63,13.044480929298626,4.808512073428119,0.6583629581411119,Inspector_green
0.0,1.0,1.0,0.7013698630136986,1,0.0,0.0,25.3,6.609932673947258,5.3807761802940055,0.4442004357022677,Inspector_yellow
0.0,0.0,0.0,2.0,1,0.0,0.0,76.57666666666667,47.320643425339526,35.841287422058336,14.912633312810865,Inspector_yellow
0.0,0.0,0.0,2.0,0,0.0,0.0,62.54,20.454374921156443,67.44569412801006,19.11604527896885,Inspector_orange
0.0,0.0,0.0,2.0,1,0.0,0.0,40.863333333333344,13.29664545139344,40.067755676178,37.065653879850686,Inspector_blue
0.0,0.0,0.0,1.0712328767123287,1,0.0,1.0,48.71333333333334,15.309785459281983,30.511314127925147,32.13692743302264,Inspector_orange
